[
    {
        "purchaseUUID": "{generated}",
        "salesOrderUUID": "aaaa-bbbb-cccc-dddd",
        "dropShipping": "",
        "supplier": "",
        "shippingCost": "",
        "totalCost": "",
        "items": [
            "There are not rows in price file for sku: VX2758-2KP-MHD"
        ]
    },
    {
        "purchaseUUID": "{generated}",
        "salesOrderUUID": "aaaa-bbbb-cccc-dddd",
        "dropShipping": true,
        "supplier": "Ingram Micro",
        "shippingCost": 9.0,
        "totalCost": 238.59,
        "items": [
            {
                "sku": "VX2458-MHD",
                "qty": 1,
                "price": 229.59
            }
        ]
    },
    {
        "purchaseUUID": "{generated}",
        "salesOrderUUID": "aaaa-bbbb-cccc-dddd",
        "dropShipping": true,
        "supplier": "Synnex",
        "shippingCost": 15.0,
        "totalCost": 20013.0,
        "items": [
            {
                "sku": "PX727-4K",
                "qty": 2,
                "price": 9999.0
            }
        ]
    },
    {
        "purchaseUUID": "{generated}",
        "salesOrderUUID": "aaaa-bbbb-cccc-dddd",
        "dropShipping": true,
        "supplier": "Alloys",
        "shippingCost": 7.5,
        "totalCost": 57.5,
        "items": [
            {
                "sku": "PKF30LA1",
                "qty": 1,
                "price": 50.0
            }
        ]
    },
    {
        "purchaseUUID": "{generated}",
        "salesOrderUUID": "aaaa-bbbb-cccc-dddd",
        "dropShipping": true,
        "supplier": "Alloys",
        "shippingCost": 7.5,
        "totalCost": 7757.5,
        "items": [
            {
                "sku": "FWD50W66F",
                "qty": 10,
                "price": 775.0
            }
        ]
    }
]